id,outcome,step_1,step_2,step_3,step_4,step_5,step_6,step_7,step_8
hotpotqa-00000,success,web_search,(none),(none),(none),(none),(none),(none),(none)
hotpotqa-00001,partial,web_search,python_interpreter,(none),(none),(none),(none),(none),(none)
hotpotqa-00002,success,web_search,python_interpreter,(none),(none),(none),(none),(none),(none)
hotpotqa-00003,success,web_search,web_search,(none),(none),(none),(none),(none),(none)
hotpotqa-00004,success,web_search,(none),(none),(none),(none),(none),(none),(none)
hotpotqa-00005,success,web_search,(none),(none),(none),(none),(none),(none),(none)
hotpotqa-00006,partial,web_search,(none),(none),(none),(none),(none),(none),(none)
hotpotqa-00007,success,web_search,(none),(none),(none),(none),(none),(none),(none)
hotpotqa-00008,partial,web_search,web_search,web_search,(none),(none),(none),(none),(none)
hotpotqa-00009,fail,web_search,web_search,web_search,web_search,web_search,(none),(none),(none)
hotpotqa-00010,success,web_search,(none),(none),(none),(none),(none),(none),(none)
hotpotqa-00011,success,web_search,(none),(none),(none),(none),(none),(none),(none)
hotpotqa-00012,success,web_search,(none),(none),(none),(none),(none),(none),(none)
hotpotqa-00013,success,web_search,web_search,(none),(none),(none),(none),(none),(none)
hotpotqa-00014,fail,web_search,web_search,web_search,web_search,web_search,(none),(none),(none)
hotpotqa-00015,success,web_search,web_search,(none),(none),(none),(none),(none),(none)
hotpotqa-00016,partial,web_search,web_search,web_search,(none),(none),(none),(none),(none)
hotpotqa-00017,success,web_search,(none),(none),(none),(none),(none),(none),(none)
hotpotqa-00018,success,web_search,(none),(none),(none),(none),(none),(none),(none)
hotpotqa-00019,partial,web_search,(none),(none),(none),(none),(none),(none),(none)
hotpotqa-00020,partial,web_search,web_search,(none),(none),(none),(none),(none),(none)
hotpotqa-00021,success,(none),(none),(none),(none),(none),(none),(none),(none)
hotpotqa-00022,success,web_search,(none),(none),(none),(none),(none),(none),(none)
hotpotqa-00023,success,web_search,(none),(none),(none),(none),(none),(none),(none)
hotpotqa-00024,partial,web_search,web_search,(none),(none),(none),(none),(none),(none)
hotpotqa-00025,success,web_search,(none),(none),(none),(none),(none),(none),(none)
hotpotqa-00026,success,python_interpreter,(none),(none),(none),(none),(none),(none),(none)
hotpotqa-00027,success,web_search,(none),(none),(none),(none),(none),(none),(none)
hotpotqa-00028,success,web_search,web_search,(none),(none),(none),(none),(none),(none)
hotpotqa-00029,success,web_search,(none),(none),(none),(none),(none),(none),(none)
hotpotqa-00030,success,web_search,(none),(none),(none),(none),(none),(none),(none)
hotpotqa-00031,success,web_search,(none),(none),(none),(none),(none),(none),(none)
hotpotqa-00032,success,web_search,web_search,(none),(none),(none),(none),(none),(none)
hotpotqa-00033,partial,web_search,web_search,web_search,(none),(none),(none),(none),(none)
hotpotqa-00034,success,web_search,(none),(none),(none),(none),(none),(none),(none)
hotpotqa-00035,success,web_search,web_search,(none),(none),(none),(none),(none),(none)
hotpotqa-00036,partial,python_interpreter,(none),(none),(none),(none),(none),(none),(none)
hotpotqa-00037,fail,web_search,web_search,web_search,web_search,web_search,(none),(none),(none)
hotpotqa-00038,partial,web_search,web_search,(none),(none),(none),(none),(none),(none)
hotpotqa-00039,success,web_search,web_search,(none),(none),(none),(none),(none),(none)
hotpotqa-00040,partial,web_search,(none),(none),(none),(none),(none),(none),(none)
hotpotqa-00041,partial,web_search,web_search,(none),(none),(none),(none),(none),(none)
hotpotqa-00042,partial,web_search,web_search,(none),(none),(none),(none),(none),(none)
hotpotqa-00043,success,web_search,web_search,(none),(none),(none),(none),(none),(none)
hotpotqa-00044,success,web_search,web_search,(none),(none),(none),(none),(none),(none)
hotpotqa-00045,success,web_search,(none),(none),(none),(none),(none),(none),(none)
hotpotqa-00046,success,web_search,(none),(none),(none),(none),(none),(none),(none)
hotpotqa-00047,partial,web_search,(none),(none),(none),(none),(none),(none),(none)
hotpotqa-00048,success,web_search,(none),(none),(none),(none),(none),(none),(none)
hotpotqa-00049,success,web_search,(none),(none),(none),(none),(none),(none),(none)
hotpotqa-00050,success,web_search,(none),(none),(none),(none),(none),(none),(none)
hotpotqa-00051,success,web_search,(none),(none),(none),(none),(none),(none),(none)
hotpotqa-00052,success,web_search,(none),(none),(none),(none),(none),(none),(none)
hotpotqa-00053,success,web_search,(none),(none),(none),(none),(none),(none),(none)
hotpotqa-00054,success,web_search,(none),(none),(none),(none),(none),(none),(none)
hotpotqa-00055,fail,web_search,web_search,web_search,web_search,web_search,(none),(none),(none)
hotpotqa-00056,success,web_search,(none),(none),(none),(none),(none),(none),(none)
hotpotqa-00057,success,web_search,(none),(none),(none),(none),(none),(none),(none)
hotpotqa-00058,success,(none),(none),(none),(none),(none),(none),(none),(none)
hotpotqa-00059,success,web_search,(none),(none),(none),(none),(none),(none),(none)
hotpotqa-00060,success,web_search,(none),(none),(none),(none),(none),(none),(none)
hotpotqa-00061,partial,web_search,python_interpreter,(none),(none),(none),(none),(none),(none)
hotpotqa-00062,fail,web_search,web_search,web_search,web_search,web_search,(none),(none),(none)
hotpotqa-00063,partial,web_search,web_search,web_search,(none),(none),(none),(none),(none)
hotpotqa-00064,success,web_search,web_search,(none),(none),(none),(none),(none),(none)
hotpotqa-00065,success,web_search,web_search,(none),(none),(none),(none),(none),(none)
hotpotqa-00066,success,web_search,web_search,web_search,(none),(none),(none),(none),(none)
hotpotqa-00067,success,web_search,(none),(none),(none),(none),(none),(none),(none)
hotpotqa-00068,success,web_search,(none),(none),(none),(none),(none),(none),(none)
hotpotqa-00069,success,web_search,web_search,(none),(none),(none),(none),(none),(none)
hotpotqa-00070,success,web_search,web_search,(none),(none),(none),(none),(none),(none)
hotpotqa-00071,success,python_interpreter,web_search,(none),(none),(none),(none),(none),(none)
hotpotqa-00072,success,web_search,(none),(none),(none),(none),(none),(none),(none)
hotpotqa-00073,success,web_search,(none),(none),(none),(none),(none),(none),(none)
hotpotqa-00074,success,web_search,web_search,web_search,web_search,(none),(none),(none),(none)
hotpotqa-00075,success,web_search,web_search,(none),(none),(none),(none),(none),(none)
hotpotqa-00076,success,web_search,(none),(none),(none),(none),(none),(none),(none)
hotpotqa-00077,partial,web_search,(none),(none),(none),(none),(none),(none),(none)
hotpotqa-00078,partial,web_search,web_search,(none),(none),(none),(none),(none),(none)
hotpotqa-00079,success,web_search,(none),(none),(none),(none),(none),(none),(none)
hotpotqa-00080,success,web_search,(none),(none),(none),(none),(none),(none),(none)
hotpotqa-00081,success,web_search,web_search,web_search,(none),(none),(none),(none),(none)
hotpotqa-00082,success,web_search,(none),(none),(none),(none),(none),(none),(none)
hotpotqa-00083,success,web_search,(none),(none),(none),(none),(none),(none),(none)
hotpotqa-00084,success,web_search,web_search,(none),(none),(none),(none),(none),(none)
hotpotqa-00085,success,web_search,web_search,(none),(none),(none),(none),(none),(none)
hotpotqa-00086,success,web_search,(none),(none),(none),(none),(none),(none),(none)
hotpotqa-00087,success,web_search,web_search,(none),(none),(none),(none),(none),(none)
hotpotqa-00088,success,web_search,(none),(none),(none),(none),(none),(none),(none)
hotpotqa-00089,success,web_search,web_search,web_search,(none),(none),(none),(none),(none)
hotpotqa-00090,success,web_search,web_search,(none),(none),(none),(none),(none),(none)
hotpotqa-00091,partial,web_search,(none),(none),(none),(none),(none),(none),(none)
hotpotqa-00092,success,web_search,python_interpreter,(none),(none),(none),(none),(none),(none)
hotpotqa-00093,success,web_search,(none),(none),(none),(none),(none),(none),(none)
hotpotqa-00094,partial,web_search,web_search,(none),(none),(none),(none),(none),(none)
hotpotqa-00095,success,web_search,(none),(none),(none),(none),(none),(none),(none)
hotpotqa-00096,success,web_search,(none),(none),(none),(none),(none),(none),(none)
hotpotqa-00097,partial,web_search,web_search,web_search,(none),(none),(none),(none),(none)
hotpotqa-00098,success,web_search,(none),(none),(none),(none),(none),(none),(none)
hotpotqa-00099,success,web_search,(none),(none),(none),(none),(none),(none),(none)
hotpotqa-00100,success,(none),(none),(none),(none),(none),(none),(none),(none)
hotpotqa-00101,fail,web_search,web_search,web_search,web_search,web_search,(none),(none),(none)
hotpotqa-00102,success,web_search,web_search,web_search,(none),(none),(none),(none),(none)
hotpotqa-00103,success,web_search,(none),(none),(none),(none),(none),(none),(none)
hotpotqa-00104,success,web_search,(none),(none),(none),(none),(none),(none),(none)
hotpotqa-00105,partial,web_search,(none),(none),(none),(none),(none),(none),(none)
hotpotqa-00106,success,web_search,(none),(none),(none),(none),(none),(none),(none)
hotpotqa-00107,success,web_search,(none),(none),(none),(none),(none),(none),(none)
hotpotqa-00108,success,web_search,(none),(none),(none),(none),(none),(none),(none)
hotpotqa-00109,partial,web_search,(none),(none),(none),(none),(none),(none),(none)
hotpotqa-00110,success,web_search,(none),(none),(none),(none),(none),(none),(none)
hotpotqa-00111,success,web_search,(none),(none),(none),(none),(none),(none),(none)
hotpotqa-00112,success,web_search,(none),(none),(none),(none),(none),(none),(none)
hotpotqa-00113,success,web_search,web_search,(none),(none),(none),(none),(none),(none)
hotpotqa-00114,success,web_search,(none),(none),(none),(none),(none),(none),(none)
hotpotqa-00115,success,web_search,(none),(none),(none),(none),(none),(none),(none)
hotpotqa-00116,success,web_search,(none),(none),(none),(none),(none),(none),(none)
hotpotqa-00117,success,web_search,web_search,(none),(none),(none),(none),(none),(none)
hotpotqa-00118,success,web_search,(none),(none),(none),(none),(none),(none),(none)
hotpotqa-00119,success,web_search,(none),(none),(none),(none),(none),(none),(none)
hotpotqa-00120,success,web_search,web_search,web_search,(none),(none),(none),(none),(none)
hotpotqa-00121,partial,web_search,python_interpreter,(none),(none),(none),(none),(none),(none)
hotpotqa-00122,fail,web_search,strptime,(none),(none),(none),(none),(none),(none)
hotpotqa-00123,success,(none),(none),(none),(none),(none),(none),(none),(none)
hotpotqa-00124,success,web_search,(none),(none),(none),(none),(none),(none),(none)
hotpotqa-00125,partial,web_search,web_search,(none),(none),(none),(none),(none),(none)
hotpotqa-00126,success,(none),(none),(none),(none),(none),(none),(none),(none)
hotpotqa-00127,partial,web_search,(none),(none),(none),(none),(none),(none),(none)
hotpotqa-00128,success,web_search,web_search,(none),(none),(none),(none),(none),(none)
hotpotqa-00129,success,web_search,(none),(none),(none),(none),(none),(none),(none)
hotpotqa-00130,success,web_search,web_search,(none),(none),(none),(none),(none),(none)
hotpotqa-00131,success,web_search,(none),(none),(none),(none),(none),(none),(none)
hotpotqa-00132,success,web_search,web_search,web_search,web_search,(none),(none),(none),(none)
hotpotqa-00133,success,web_search,python_interpreter,(none),(none),(none),(none),(none),(none)
hotpotqa-00134,success,web_search,(none),(none),(none),(none),(none),(none),(none)
hotpotqa-00135,fail,web_search,web_search,web_search,web_search,web_search,(none),(none),(none)
hotpotqa-00136,success,python_interpreter,(none),(none),(none),(none),(none),(none),(none)
hotpotqa-00137,fail,web_search,web_search,web_search,web_search,web_search,(none),(none),(none)
hotpotqa-00138,success,web_search,(none),(none),(none),(none),(none),(none),(none)
hotpotqa-00139,success,web_search,web_search,(none),(none),(none),(none),(none),(none)
hotpotqa-00140,partial,web_search,(none),(none),(none),(none),(none),(none),(none)
hotpotqa-00141,success,python_interpreter,(none),(none),(none),(none),(none),(none),(none)
hotpotqa-00142,success,web_search,web_search,(none),(none),(none),(none),(none),(none)
hotpotqa-00143,success,web_search,web_search,web_search,(none),(none),(none),(none),(none)
hotpotqa-00144,success,web_search,web_search,(none),(none),(none),(none),(none),(none)
hotpotqa-00145,success,web_search,(none),(none),(none),(none),(none),(none),(none)
hotpotqa-00146,success,web_search,(none),(none),(none),(none),(none),(none),(none)
hotpotqa-00147,partial,web_search,(none),(none),(none),(none),(none),(none),(none)
hotpotqa-00148,partial,web_search,python_interpreter,(none),(none),(none),(none),(none),(none)
hotpotqa-00149,success,web_search,(none),(none),(none),(none),(none),(none),(none)
hotpotqa-00150,success,web_search,(none),(none),(none),(none),(none),(none),(none)
hotpotqa-00151,success,web_search,web_search,(none),(none),(none),(none),(none),(none)
hotpotqa-00152,success,web_search,(none),(none),(none),(none),(none),(none),(none)
hotpotqa-00153,success,web_search,web_search,(none),(none),(none),(none),(none),(none)
hotpotqa-00154,success,web_search,(none),(none),(none),(none),(none),(none),(none)
hotpotqa-00155,success,web_search,web_search,(none),(none),(none),(none),(none),(none)
hotpotqa-00156,partial,web_search,(none),(none),(none),(none),(none),(none),(none)
hotpotqa-00157,success,web_search,(none),(none),(none),(none),(none),(none),(none)
hotpotqa-00158,success,web_search,web_search,(none),(none),(none),(none),(none),(none)
hotpotqa-00159,partial,web_search,(none),(none),(none),(none),(none),(none),(none)
hotpotqa-00160,partial,web_search,(none),(none),(none),(none),(none),(none),(none)
hotpotqa-00161,success,web_search,(none),(none),(none),(none),(none),(none),(none)
hotpotqa-00162,success,web_search,web_search,(none),(none),(none),(none),(none),(none)
hotpotqa-00163,partial,web_search,web_search,(none),(none),(none),(none),(none),(none)
hotpotqa-00164,partial,web_search,(none),(none),(none),(none),(none),(none),(none)
hotpotqa-00165,success,web_search,web_search,(none),(none),(none),(none),(none),(none)
hotpotqa-00166,partial,web_search,web_search,(none),(none),(none),(none),(none),(none)
hotpotqa-00167,success,web_search,(none),(none),(none),(none),(none),(none),(none)
hotpotqa-00168,success,web_search,(none),(none),(none),(none),(none),(none),(none)
hotpotqa-00169,success,web_search,web_search,(none),(none),(none),(none),(none),(none)
hotpotqa-00170,success,web_search,(none),(none),(none),(none),(none),(none),(none)
hotpotqa-00171,success,web_search,(none),(none),(none),(none),(none),(none),(none)
hotpotqa-00172,success,web_search,(none),(none),(none),(none),(none),(none),(none)
hotpotqa-00173,success,web_search,(none),(none),(none),(none),(none),(none),(none)
hotpotqa-00174,success,web_search,web_search,(none),(none),(none),(none),(none),(none)
hotpotqa-00175,partial,web_search,(none),(none),(none),(none),(none),(none),(none)
hotpotqa-00176,partial,(none),(none),(none),(none),(none),(none),(none),(none)
hotpotqa-00177,success,web_search,(none),(none),(none),(none),(none),(none),(none)
hotpotqa-00178,partial,web_search,python_interpreter,(none),(none),(none),(none),(none),(none)
hotpotqa-00179,partial,web_search,web_search,(none),(none),(none),(none),(none),(none)
hotpotqa-00180,success,web_search,(none),(none),(none),(none),(none),(none),(none)
hotpotqa-00181,success,web_search,web_search,web_search,web_search,(none),(none),(none),(none)
hotpotqa-00182,partial,web_search,web_search,(none),(none),(none),(none),(none),(none)
hotpotqa-00183,success,(none),(none),(none),(none),(none),(none),(none),(none)
hotpotqa-00184,success,web_search,web_search,(none),(none),(none),(none),(none),(none)
hotpotqa-00185,success,web_search,(none),(none),(none),(none),(none),(none),(none)
hotpotqa-00186,success,web_search,(none),(none),(none),(none),(none),(none),(none)
hotpotqa-00187,success,web_search,(none),(none),(none),(none),(none),(none),(none)
hotpotqa-00188,success,web_search,strptime,(none),(none),(none),(none),(none),(none)
hotpotqa-00189,success,web_search,(none),(none),(none),(none),(none),(none),(none)
hotpotqa-00190,partial,web_search,(none),(none),(none),(none),(none),(none),(none)
hotpotqa-00191,success,web_search,web_search,(none),(none),(none),(none),(none),(none)
hotpotqa-00192,success,web_search,(none),(none),(none),(none),(none),(none),(none)
hotpotqa-00193,success,web_search,(none),(none),(none),(none),(none),(none),(none)
hotpotqa-00194,success,web_search,(none),(none),(none),(none),(none),(none),(none)
hotpotqa-00195,success,web_search,(none),(none),(none),(none),(none),(none),(none)
hotpotqa-00196,partial,web_search,(none),(none),(none),(none),(none),(none),(none)
hotpotqa-00197,success,web_search,web_search,(none),(none),(none),(none),(none),(none)
hotpotqa-00198,success,web_search,(none),(none),(none),(none),(none),(none),(none)
hotpotqa-00199,success,web_search,(none),(none),(none),(none),(none),(none),(none)
hotpotqa-00200,success,web_search,web_search,(none),(none),(none),(none),(none),(none)
hotpotqa-00201,success,web_search,(none),(none),(none),(none),(none),(none),(none)
hotpotqa-00202,success,web_search,(none),(none),(none),(none),(none),(none),(none)
hotpotqa-00203,success,web_search,(none),(none),(none),(none),(none),(none),(none)
hotpotqa-00204,success,web_search,(none),(none),(none),(none),(none),(none),(none)
hotpotqa-00205,partial,web_search,web_search,web_search,(none),(none),(none),(none),(none)
hotpotqa-00206,partial,web_search,(none),(none),(none),(none),(none),(none),(none)
hotpotqa-00207,success,web_search,web_search,(none),(none),(none),(none),(none),(none)
hotpotqa-00208,success,web_search,(none),(none),(none),(none),(none),(none),(none)
hotpotqa-00209,success,web_search,(none),(none),(none),(none),(none),(none),(none)
hotpotqa-00210,success,web_search,python_interpreter,(none),(none),(none),(none),(none),(none)
hotpotqa-00211,success,web_search,python_interpreter,(none),(none),(none),(none),(none),(none)
hotpotqa-00212,success,web_search,(none),(none),(none),(none),(none),(none),(none)
hotpotqa-00213,success,web_search,(none),(none),(none),(none),(none),(none),(none)
hotpotqa-00214,success,web_search,web_search,(none),(none),(none),(none),(none),(none)
hotpotqa-00215,success,web_search,(none),(none),(none),(none),(none),(none),(none)
hotpotqa-00216,fail,web_search,web_search,web_search,web_search,web_search,(none),(none),(none)
hotpotqa-00217,success,web_search,(none),(none),(none),(none),(none),(none),(none)
hotpotqa-00218,partial,web_search,(none),(none),(none),(none),(none),(none),(none)
hotpotqa-00219,fail,web_search,web_search,web_search,web_search,web_search,(none),(none),(none)
hotpotqa-00220,partial,web_search,web_search,(none),(none),(none),(none),(none),(none)
hotpotqa-00221,success,web_search,web_search,(none),(none),(none),(none),(none),(none)
hotpotqa-00222,success,web_search,(none),(none),(none),(none),(none),(none),(none)
hotpotqa-00223,success,web_search,web_search,(none),(none),(none),(none),(none),(none)
hotpotqa-00224,success,web_search,(none),(none),(none),(none),(none),(none),(none)
hotpotqa-00225,partial,web_search,(none),(none),(none),(none),(none),(none),(none)
hotpotqa-00226,partial,web_search,(none),(none),(none),(none),(none),(none),(none)
hotpotqa-00227,success,web_search,(none),(none),(none),(none),(none),(none),(none)
hotpotqa-00228,success,web_search,web_search,web_search,web_search,(none),(none),(none),(none)
hotpotqa-00229,success,web_search,(none),(none),(none),(none),(none),(none),(none)
hotpotqa-00230,success,web_search,web_search,(none),(none),(none),(none),(none),(none)
hotpotqa-00231,success,web_search,(none),(none),(none),(none),(none),(none),(none)
hotpotqa-00232,success,web_search,findall,(none),(none),(none),(none),(none),(none)
hotpotqa-00233,success,web_search,web_search,(none),(none),(none),(none),(none),(none)
hotpotqa-00234,success,web_search,web_search,(none),(none),(none),(none),(none),(none)
hotpotqa-00235,success,web_search,(none),(none),(none),(none),(none),(none),(none)
hotpotqa-00236,success,web_search,(none),(none),(none),(none),(none),(none),(none)
hotpotqa-00237,partial,web_search,web_search,(none),(none),(none),(none),(none),(none)
hotpotqa-00238,success,web_search,(none),(none),(none),(none),(none),(none),(none)
hotpotqa-00239,success,web_search,(none),(none),(none),(none),(none),(none),(none)
hotpotqa-00240,partial,web_search,web_search,(none),(none),(none),(none),(none),(none)
hotpotqa-00241,success,web_search,(none),(none),(none),(none),(none),(none),(none)
hotpotqa-00242,success,python_interpreter,web_search,(none),(none),(none),(none),(none),(none)
hotpotqa-00243,success,web_search,web_search,(none),(none),(none),(none),(none),(none)
hotpotqa-00244,success,web_search,web_search,(none),(none),(none),(none),(none),(none)
hotpotqa-00245,partial,web_search,web_search,(none),(none),(none),(none),(none),(none)
hotpotqa-00246,fail,web_search,web_search,web_search,web_search,web_search,(none),(none),(none)
hotpotqa-00247,success,web_search,web_search,(none),(none),(none),(none),(none),(none)
hotpotqa-00248,success,web_search,(none),(none),(none),(none),(none),(none),(none)
hotpotqa-00249,success,web_search,python_interpreter,(none),(none),(none),(none),(none),(none)
hotpotqa-00250,success,web_search,(none),(none),(none),(none),(none),(none),(none)
hotpotqa-00251,partial,web_search,(none),(none),(none),(none),(none),(none),(none)
hotpotqa-00252,success,web_search,(none),(none),(none),(none),(none),(none),(none)
hotpotqa-00253,success,web_search,web_search,(none),(none),(none),(none),(none),(none)
hotpotqa-00254,success,web_search,(none),(none),(none),(none),(none),(none),(none)
hotpotqa-00255,success,web_search,(none),(none),(none),(none),(none),(none),(none)
hotpotqa-00256,success,web_search,web_search,(none),(none),(none),(none),(none),(none)
hotpotqa-00257,success,web_search,web_search,(none),(none),(none),(none),(none),(none)
hotpotqa-00258,partial,web_search,web_search,(none),(none),(none),(none),(none),(none)
hotpotqa-00259,success,web_search,(none),(none),(none),(none),(none),(none),(none)
hotpotqa-00260,success,web_search,(none),(none),(none),(none),(none),(none),(none)
hotpotqa-00261,success,web_search,(none),(none),(none),(none),(none),(none),(none)
hotpotqa-00262,success,web_search,(none),(none),(none),(none),(none),(none),(none)
hotpotqa-00263,partial,web_search,web_search,(none),(none),(none),(none),(none),(none)
hotpotqa-00264,partial,web_search,(none),(none),(none),(none),(none),(none),(none)
hotpotqa-00265,success,web_search,web_search,(none),(none),(none),(none),(none),(none)
hotpotqa-00266,success,web_search,(none),(none),(none),(none),(none),(none),(none)
hotpotqa-00267,partial,web_search,web_search,(none),(none),(none),(none),(none),(none)
hotpotqa-00268,success,web_search,web_search,(none),(none),(none),(none),(none),(none)
hotpotqa-00269,partial,web_search,(none),(none),(none),(none),(none),(none),(none)
hotpotqa-00270,success,web_search,(none),(none),(none),(none),(none),(none),(none)
hotpotqa-00271,success,web_search,(none),(none),(none),(none),(none),(none),(none)
hotpotqa-00272,success,web_search,(none),(none),(none),(none),(none),(none),(none)
hotpotqa-00273,success,web_search,(none),(none),(none),(none),(none),(none),(none)
hotpotqa-00274,success,web_search,web_search,web_search,(none),(none),(none),(none),(none)
hotpotqa-00275,success,web_search,(none),(none),(none),(none),(none),(none),(none)
hotpotqa-00276,success,web_search,(none),(none),(none),(none),(none),(none),(none)
hotpotqa-00277,success,web_search,(none),(none),(none),(none),(none),(none),(none)
hotpotqa-00278,success,web_search,web_search,(none),(none),(none),(none),(none),(none)
hotpotqa-00279,success,web_search,(none),(none),(none),(none),(none),(none),(none)
hotpotqa-00280,fail,web_search,web_search,web_search,web_search,web_search,(none),(none),(none)
hotpotqa-00281,success,web_search,(none),(none),(none),(none),(none),(none),(none)
hotpotqa-00282,success,web_search,web_search,(none),(none),(none),(none),(none),(none)
hotpotqa-00283,success,web_search,(none),(none),(none),(none),(none),(none),(none)
hotpotqa-00284,success,web_search,(none),(none),(none),(none),(none),(none),(none)
hotpotqa-00285,success,web_search,(none),(none),(none),(none),(none),(none),(none)
hotpotqa-00286,success,web_search,(none),(none),(none),(none),(none),(none),(none)
hotpotqa-00287,partial,web_search,web_search,web_search,(none),(none),(none),(none),(none)
hotpotqa-00288,success,web_search,web_search,(none),(none),(none),(none),(none),(none)
hotpotqa-00289,success,web_search,(none),(none),(none),(none),(none),(none),(none)
hotpotqa-00290,partial,web_search,web_search,web_search,web_search,(none),(none),(none),(none)
hotpotqa-00291,success,web_search,(none),(none),(none),(none),(none),(none),(none)
hotpotqa-00292,partial,web_search,web_search,(none),(none),(none),(none),(none),(none)
hotpotqa-00293,success,web_search,(none),(none),(none),(none),(none),(none),(none)
hotpotqa-00294,success,web_search,(none),(none),(none),(none),(none),(none),(none)
hotpotqa-00295,success,web_search,web_search,(none),(none),(none),(none),(none),(none)
hotpotqa-00296,success,web_search,(none),(none),(none),(none),(none),(none),(none)
hotpotqa-00297,success,web_search,web_search,(none),(none),(none),(none),(none),(none)
hotpotqa-00298,success,web_search,(none),(none),(none),(none),(none),(none),(none)
hotpotqa-00299,success,web_search,web_search,(none),(none),(none),(none),(none),(none)
hotpotqa-00300,success,web_search,web_search,web_search,(none),(none),(none),(none),(none)
hotpotqa-00301,success,web_search,(none),(none),(none),(none),(none),(none),(none)
hotpotqa-00302,success,web_search,python_interpreter,(none),(none),(none),(none),(none),(none)
hotpotqa-00303,success,web_search,web_search,web_search,(none),(none),(none),(none),(none)
hotpotqa-00304,partial,web_search,(none),(none),(none),(none),(none),(none),(none)
hotpotqa-00305,fail,web_search,web_search,web_search,web_search,web_search,(none),(none),(none)
hotpotqa-00306,success,web_search,(none),(none),(none),(none),(none),(none),(none)
hotpotqa-00307,fail,web_search,web_search,web_search,web_search,web_search,(none),(none),(none)
hotpotqa-00308,success,web_search,web_search,(none),(none),(none),(none),(none),(none)
hotpotqa-00309,success,python_interpreter,(none),(none),(none),(none),(none),(none),(none)
hotpotqa-00310,partial,web_search,python_interpreter,(none),(none),(none),(none),(none),(none)
hotpotqa-00311,partial,web_search,web_search,(none),(none),(none),(none),(none),(none)
hotpotqa-00312,success,web_search,web_search,web_search,(none),(none),(none),(none),(none)
hotpotqa-00313,success,web_search,web_search,(none),(none),(none),(none),(none),(none)
hotpotqa-00314,success,web_search,(none),(none),(none),(none),(none),(none),(none)
hotpotqa-00315,success,web_search,python_interpreter,(none),(none),(none),(none),(none),(none)
hotpotqa-00316,success,web_search,(none),(none),(none),(none),(none),(none),(none)
hotpotqa-00317,partial,python_interpreter,(none),(none),(none),(none),(none),(none),(none)
hotpotqa-00318,success,web_search,web_search,web_search,(none),(none),(none),(none),(none)
hotpotqa-00319,success,web_search,web_search,(none),(none),(none),(none),(none),(none)
hotpotqa-00320,success,web_search,(none),(none),(none),(none),(none),(none),(none)
hotpotqa-00321,success,web_search,(none),(none),(none),(none),(none),(none),(none)
hotpotqa-00322,success,web_search,(none),(none),(none),(none),(none),(none),(none)
hotpotqa-00323,success,web_search,(none),(none),(none),(none),(none),(none),(none)
hotpotqa-00324,partial,web_search,web_search,web_search,(none),(none),(none),(none),(none)
hotpotqa-00325,success,web_search,(none),(none),(none),(none),(none),(none),(none)
hotpotqa-00326,partial,web_search,web_search,(none),(none),(none),(none),(none),(none)
hotpotqa-00327,partial,remove,(none),(none),(none),(none),(none),(none),(none)
hotpotqa-00328,success,web_search,(none),(none),(none),(none),(none),(none),(none)
hotpotqa-00329,success,web_search,(none),(none),(none),(none),(none),(none),(none)
hotpotqa-00330,success,web_search,web_search,(none),(none),(none),(none),(none),(none)
hotpotqa-00331,partial,web_search,(none),(none),(none),(none),(none),(none),(none)
hotpotqa-00332,success,web_search,web_search,web_search,(none),(none),(none),(none),(none)
hotpotqa-00333,success,web_search,(none),(none),(none),(none),(none),(none),(none)
hotpotqa-00334,success,web_search,web_search,(none),(none),(none),(none),(none),(none)
hotpotqa-00335,success,web_search,(none),(none),(none),(none),(none),(none),(none)
hotpotqa-00336,success,web_search,(none),(none),(none),(none),(none),(none),(none)
hotpotqa-00337,success,web_search,web_search,(none),(none),(none),(none),(none),(none)
hotpotqa-00338,success,web_search,web_search,web_search,(none),(none),(none),(none),(none)
hotpotqa-00339,success,web_search,web_search,(none),(none),(none),(none),(none),(none)
hotpotqa-00340,success,web_search,(none),(none),(none),(none),(none),(none),(none)
hotpotqa-00341,success,web_search,(none),(none),(none),(none),(none),(none),(none)
hotpotqa-00342,success,web_search,web_search,(none),(none),(none),(none),(none),(none)
hotpotqa-00343,success,web_search,(none),(none),(none),(none),(none),(none),(none)
hotpotqa-00344,partial,web_search,web_search,(none),(none),(none),(none),(none),(none)
hotpotqa-00345,success,web_search,web_search,(none),(none),(none),(none),(none),(none)
hotpotqa-00346,partial,web_search,web_search,(none),(none),(none),(none),(none),(none)
hotpotqa-00347,partial,web_search,web_search,(none),(none),(none),(none),(none),(none)
hotpotqa-00348,success,web_search,web_search,(none),(none),(none),(none),(none),(none)
hotpotqa-00349,success,web_search,web_search,(none),(none),(none),(none),(none),(none)
hotpotqa-00350,success,(none),(none),(none),(none),(none),(none),(none),(none)
hotpotqa-00351,success,web_search,web_search,(none),(none),(none),(none),(none),(none)
hotpotqa-00352,success,web_search,(none),(none),(none),(none),(none),(none),(none)
hotpotqa-00353,success,web_search,(none),(none),(none),(none),(none),(none),(none)
hotpotqa-00354,success,web_search,web_search,(none),(none),(none),(none),(none),(none)
hotpotqa-00355,success,web_search,web_search,(none),(none),(none),(none),(none),(none)
hotpotqa-00356,partial,web_search,(none),(none),(none),(none),(none),(none),(none)
hotpotqa-00357,success,web_search,(none),(none),(none),(none),(none),(none),(none)
hotpotqa-00358,success,web_search,(none),(none),(none),(none),(none),(none),(none)
hotpotqa-00359,success,web_search,web_search,(none),(none),(none),(none),(none),(none)
hotpotqa-00360,success,web_search,python_interpreter,(none),(none),(none),(none),(none),(none)
hotpotqa-00361,partial,web_search,(none),(none),(none),(none),(none),(none),(none)
hotpotqa-00362,partial,web_search,(none),(none),(none),(none),(none),(none),(none)
hotpotqa-00363,partial,web_search,(none),(none),(none),(none),(none),(none),(none)
hotpotqa-00364,partial,web_search,(none),(none),(none),(none),(none),(none),(none)
hotpotqa-00365,success,(none),(none),(none),(none),(none),(none),(none),(none)
hotpotqa-00366,success,web_search,(none),(none),(none),(none),(none),(none),(none)
hotpotqa-00367,success,web_search,web_search,(none),(none),(none),(none),(none),(none)
hotpotqa-00368,success,web_search,(none),(none),(none),(none),(none),(none),(none)
hotpotqa-00369,success,web_search,(none),(none),(none),(none),(none),(none),(none)
hotpotqa-00370,partial,web_search,web_search,(none),(none),(none),(none),(none),(none)
hotpotqa-00371,fail,web_search,web_search,web_search,web_search,Nominatim,(none),(none),(none)
hotpotqa-00372,success,web_search,(none),(none),(none),(none),(none),(none),(none)
hotpotqa-00373,success,web_search,(none),(none),(none),(none),(none),(none),(none)
hotpotqa-00374,success,web_search,web_search,(none),(none),(none),(none),(none),(none)
hotpotqa-00375,success,web_search,web_search,web_search,web_search,(none),(none),(none),(none)
hotpotqa-00376,partial,web_search,(none),(none),(none),(none),(none),(none),(none)
hotpotqa-00377,success,web_search,web_search,web_search,(none),(none),(none),(none),(none)
hotpotqa-00378,partial,web_search,web_search,(none),(none),(none),(none),(none),(none)
hotpotqa-00379,success,web_search,(none),(none),(none),(none),(none),(none),(none)
hotpotqa-00380,fail,web_search,strptime,(none),(none),(none),(none),(none),(none)
hotpotqa-00381,success,web_search,(none),(none),(none),(none),(none),(none),(none)
hotpotqa-00382,partial,python_interpreter,(none),(none),(none),(none),(none),(none),(none)
hotpotqa-00383,success,web_search,web_search,(none),(none),(none),(none),(none),(none)
hotpotqa-00384,success,web_search,(none),(none),(none),(none),(none),(none),(none)
hotpotqa-00385,success,python_interpreter,(none),(none),(none),(none),(none),(none),(none)
hotpotqa-00386,success,web_search,(none),(none),(none),(none),(none),(none),(none)
hotpotqa-00387,partial,web_search,web_search,web_search,web_search,(none),(none),(none),(none)
hotpotqa-00388,success,web_search,(none),(none),(none),(none),(none),(none),(none)
hotpotqa-00389,success,web_search,(none),(none),(none),(none),(none),(none),(none)
hotpotqa-00390,success,web_search,web_search,(none),(none),(none),(none),(none),(none)
hotpotqa-00391,success,(none),(none),(none),(none),(none),(none),(none),(none)
hotpotqa-00392,partial,web_search,(none),(none),(none),(none),(none),(none),(none)
hotpotqa-00393,success,web_search,(none),(none),(none),(none),(none),(none),(none)
hotpotqa-00394,success,web_search,(none),(none),(none),(none),(none),(none),(none)
hotpotqa-00395,success,web_search,(none),(none),(none),(none),(none),(none),(none)
hotpotqa-00396,success,web_search,web_search,(none),(none),(none),(none),(none),(none)
hotpotqa-00397,partial,web_search,(none),(none),(none),(none),(none),(none),(none)
hotpotqa-00398,success,web_search,(none),(none),(none),(none),(none),(none),(none)
hotpotqa-00399,partial,web_search,web_search,web_search,(none),(none),(none),(none),(none)
hotpotqa-00400,success,web_search,(none),(none),(none),(none),(none),(none),(none)
hotpotqa-00401,partial,web_search,web_search,web_search,(none),(none),(none),(none),(none)
hotpotqa-00402,success,web_search,web_search,web_search,(none),(none),(none),(none),(none)
hotpotqa-00403,success,web_search,web_search,(none),(none),(none),(none),(none),(none)
hotpotqa-00404,partial,web_search,web_search,(none),(none),(none),(none),(none),(none)
hotpotqa-00405,success,(none),(none),(none),(none),(none),(none),(none),(none)
hotpotqa-00406,success,web_search,(none),(none),(none),(none),(none),(none),(none)
hotpotqa-00407,success,web_search,web_search,(none),(none),(none),(none),(none),(none)
hotpotqa-00408,partial,web_search,web_search,(none),(none),(none),(none),(none),(none)
hotpotqa-00409,success,web_search,web_search,(none),(none),(none),(none),(none),(none)
hotpotqa-00410,success,web_search,web_search,(none),(none),(none),(none),(none),(none)
hotpotqa-00411,success,web_search,(none),(none),(none),(none),(none),(none),(none)
hotpotqa-00412,success,web_search,web_search,(none),(none),(none),(none),(none),(none)
hotpotqa-00413,success,web_search,(none),(none),(none),(none),(none),(none),(none)
hotpotqa-00414,success,python_interpreter,(none),(none),(none),(none),(none),(none),(none)
hotpotqa-00415,success,web_search,(none),(none),(none),(none),(none),(none),(none)
hotpotqa-00416,success,web_search,(none),(none),(none),(none),(none),(none),(none)
hotpotqa-00417,partial,web_search,(none),(none),(none),(none),(none),(none),(none)
hotpotqa-00418,success,web_search,(none),(none),(none),(none),(none),(none),(none)
hotpotqa-00419,success,web_search,python_interpreter,(none),(none),(none),(none),(none),(none)
hotpotqa-00420,success,web_search,web_search,(none),(none),(none),(none),(none),(none)
hotpotqa-00421,partial,web_search,(none),(none),(none),(none),(none),(none),(none)
hotpotqa-00422,success,web_search,(none),(none),(none),(none),(none),(none),(none)
hotpotqa-00423,success,web_search,(none),(none),(none),(none),(none),(none),(none)
hotpotqa-00424,success,web_search,(none),(none),(none),(none),(none),(none),(none)
hotpotqa-00425,success,web_search,(none),(none),(none),(none),(none),(none),(none)
hotpotqa-00426,success,web_search,(none),(none),(none),(none),(none),(none),(none)
hotpotqa-00427,partial,web_search,(none),(none),(none),(none),(none),(none),(none)
hotpotqa-00428,partial,web_search,(none),(none),(none),(none),(none),(none),(none)
hotpotqa-00429,success,web_search,(none),(none),(none),(none),(none),(none),(none)
hotpotqa-00430,partial,web_search,(none),(none),(none),(none),(none),(none),(none)
hotpotqa-00431,success,web_search,(none),(none),(none),(none),(none),(none),(none)
hotpotqa-00432,success,web_search,(none),(none),(none),(none),(none),(none),(none)
hotpotqa-00433,partial,web_search,web_search,web_search,(none),(none),(none),(none),(none)
hotpotqa-00434,success,(none),(none),(none),(none),(none),(none),(none),(none)
hotpotqa-00435,success,web_search,(none),(none),(none),(none),(none),(none),(none)
hotpotqa-00436,success,web_search,(none),(none),(none),(none),(none),(none),(none)
hotpotqa-00437,partial,web_search,(none),(none),(none),(none),(none),(none),(none)
hotpotqa-00438,success,web_search,(none),(none),(none),(none),(none),(none),(none)
hotpotqa-00439,success,web_search,(none),(none),(none),(none),(none),(none),(none)
hotpotqa-00440,success,web_search,web_search,(none),(none),(none),(none),(none),(none)
hotpotqa-00441,success,web_search,(none),(none),(none),(none),(none),(none),(none)
hotpotqa-00442,success,web_search,web_search,(none),(none),(none),(none),(none),(none)
hotpotqa-00443,success,python_interpreter,web_search,(none),(none),(none),(none),(none),(none)
hotpotqa-00444,success,web_search,(none),(none),(none),(none),(none),(none),(none)
hotpotqa-00445,success,web_search,web_search,(none),(none),(none),(none),(none),(none)
hotpotqa-00446,partial,web_search,(none),(none),(none),(none),(none),(none),(none)
hotpotqa-00447,success,web_search,web_search,(none),(none),(none),(none),(none),(none)
hotpotqa-00448,success,(none),(none),(none),(none),(none),(none),(none),(none)
hotpotqa-00449,success,web_search,(none),(none),(none),(none),(none),(none),(none)
hotpotqa-00450,partial,web_search,(none),(none),(none),(none),(none),(none),(none)
hotpotqa-00451,success,web_search,web_search,(none),(none),(none),(none),(none),(none)
hotpotqa-00452,success,web_search,web_search,web_search,(none),(none),(none),(none),(none)
hotpotqa-00453,partial,web_search,(none),(none),(none),(none),(none),(none),(none)
hotpotqa-00454,partial,web_search,(none),(none),(none),(none),(none),(none),(none)
hotpotqa-00455,success,web_search,(none),(none),(none),(none),(none),(none),(none)
hotpotqa-00456,success,web_search,web_search,(none),(none),(none),(none),(none),(none)
hotpotqa-00457,success,web_search,web_search,web_search,(none),(none),(none),(none),(none)
hotpotqa-00458,fail,web_search,web_search,web_search,web_search,web_search,(none),(none),(none)
hotpotqa-00459,success,web_search,web_search,(none),(none),(none),(none),(none),(none)
hotpotqa-00460,partial,web_search,web_search,web_search,web_search,(none),(none),(none),(none)
hotpotqa-00461,fail,web_search,web_search,web_search,web_search,web_search,(none),(none),(none)
hotpotqa-00462,success,web_search,web_search,(none),(none),(none),(none),(none),(none)
hotpotqa-00463,success,web_search,web_search,(none),(none),(none),(none),(none),(none)
hotpotqa-00464,partial,web_search,web_search,(none),(none),(none),(none),(none),(none)
hotpotqa-00465,success,web_search,web_search,(none),(none),(none),(none),(none),(none)
hotpotqa-00466,success,web_search,web_search,web_search,web_search,(none),(none),(none),(none)
hotpotqa-00467,partial,web_search,(none),(none),(none),(none),(none),(none),(none)
hotpotqa-00468,success,web_search,(none),(none),(none),(none),(none),(none),(none)
hotpotqa-00469,success,web_search,(none),(none),(none),(none),(none),(none),(none)
hotpotqa-00470,success,web_search,python_interpreter,(none),(none),(none),(none),(none),(none)
hotpotqa-00471,partial,web_search,(none),(none),(none),(none),(none),(none),(none)
hotpotqa-00472,success,web_search,web_search,web_search,web_search,(none),(none),(none),(none)
hotpotqa-00473,partial,web_search,(none),(none),(none),(none),(none),(none),(none)
hotpotqa-00474,success,web_search,web_search,web_search,web_search,(none),(none),(none),(none)
hotpotqa-00475,partial,web_search,(none),(none),(none),(none),(none),(none),(none)
hotpotqa-00476,partial,web_search,(none),(none),(none),(none),(none),(none),(none)
hotpotqa-00477,success,web_search,(none),(none),(none),(none),(none),(none),(none)
hotpotqa-00478,success,web_search,(none),(none),(none),(none),(none),(none),(none)
hotpotqa-00479,success,web_search,web_search,(none),(none),(none),(none),(none),(none)
hotpotqa-00480,fail,web_search,web_search,web_search,web_search,web_search,(none),(none),(none)
hotpotqa-00481,success,web_search,web_search,web_search,(none),(none),(none),(none),(none)
hotpotqa-00482,success,web_search,(none),(none),(none),(none),(none),(none),(none)
hotpotqa-00483,success,web_search,(none),(none),(none),(none),(none),(none),(none)
hotpotqa-00484,success,web_search,(none),(none),(none),(none),(none),(none),(none)
hotpotqa-00485,success,web_search,(none),(none),(none),(none),(none),(none),(none)
hotpotqa-00486,success,web_search,web_search,(none),(none),(none),(none),(none),(none)
hotpotqa-00487,success,web_search,(none),(none),(none),(none),(none),(none),(none)
hotpotqa-00488,success,web_search,python_interpreter,(none),(none),(none),(none),(none),(none)
hotpotqa-00489,success,web_search,(none),(none),(none),(none),(none),(none),(none)
hotpotqa-00490,success,web_search,(none),(none),(none),(none),(none),(none),(none)
hotpotqa-00491,success,web_search,web_search,(none),(none),(none),(none),(none),(none)
hotpotqa-00492,success,web_search,(none),(none),(none),(none),(none),(none),(none)
hotpotqa-00493,success,web_search,web_search,(none),(none),(none),(none),(none),(none)
hotpotqa-00494,success,web_search,(none),(none),(none),(none),(none),(none),(none)
hotpotqa-00495,success,web_search,web_search,(none),(none),(none),(none),(none),(none)
hotpotqa-00496,success,web_search,web_search,web_search,(none),(none),(none),(none),(none)
hotpotqa-00497,success,web_search,web_search,(none),(none),(none),(none),(none),(none)
hotpotqa-00498,success,web_search,web_search,(none),(none),(none),(none),(none),(none)
hotpotqa-00499,success,web_search,python_interpreter,(none),(none),(none),(none),(none),(none)
hotpotqa-00500,success,web_search,(none),(none),(none),(none),(none),(none),(none)
hotpotqa-00501,success,python_interpreter,web_search,(none),(none),(none),(none),(none),(none)
hotpotqa-00502,success,web_search,web_search,(none),(none),(none),(none),(none),(none)
hotpotqa-00503,success,web_search,(none),(none),(none),(none),(none),(none),(none)
hotpotqa-00504,success,web_search,web_search,(none),(none),(none),(none),(none),(none)
hotpotqa-00505,partial,web_search,web_search,(none),(none),(none),(none),(none),(none)
hotpotqa-00506,partial,web_search,web_search,web_search,(none),(none),(none),(none),(none)
hotpotqa-00507,success,web_search,(none),(none),(none),(none),(none),(none),(none)
hotpotqa-00508,success,web_search,(none),(none),(none),(none),(none),(none),(none)
hotpotqa-00509,success,web_search,(none),(none),(none),(none),(none),(none),(none)
hotpotqa-00510,partial,web_search,(none),(none),(none),(none),(none),(none),(none)
hotpotqa-00511,success,web_search,(none),(none),(none),(none),(none),(none),(none)
hotpotqa-00512,partial,web_search,(none),(none),(none),(none),(none),(none),(none)
hotpotqa-00513,success,web_search,web_search,web_search,(none),(none),(none),(none),(none)
hotpotqa-00514,success,web_search,(none),(none),(none),(none),(none),(none),(none)
hotpotqa-00515,success,web_search,web_search,(none),(none),(none),(none),(none),(none)
hotpotqa-00516,success,web_search,(none),(none),(none),(none),(none),(none),(none)
hotpotqa-00517,partial,web_search,web_search,(none),(none),(none),(none),(none),(none)
hotpotqa-00518,success,web_search,(none),(none),(none),(none),(none),(none),(none)
hotpotqa-00519,success,web_search,(none),(none),(none),(none),(none),(none),(none)
hotpotqa-00520,success,web_search,web_search,(none),(none),(none),(none),(none),(none)
hotpotqa-00521,success,web_search,web_search,(none),(none),(none),(none),(none),(none)
hotpotqa-00522,success,web_search,(none),(none),(none),(none),(none),(none),(none)
hotpotqa-00523,success,web_search,(none),(none),(none),(none),(none),(none),(none)
hotpotqa-00524,partial,python_interpreter,(none),(none),(none),(none),(none),(none),(none)
hotpotqa-00525,partial,web_search,web_search,web_search,(none),(none),(none),(none),(none)
hotpotqa-00526,success,web_search,(none),(none),(none),(none),(none),(none),(none)
hotpotqa-00527,success,web_search,(none),(none),(none),(none),(none),(none),(none)
hotpotqa-00528,success,web_search,web_search,(none),(none),(none),(none),(none),(none)
hotpotqa-00529,success,web_search,(none),(none),(none),(none),(none),(none),(none)
hotpotqa-00530,success,web_search,web_search,(none),(none),(none),(none),(none),(none)
hotpotqa-00531,partial,web_search,(none),(none),(none),(none),(none),(none),(none)
hotpotqa-00532,success,web_search,web_search,web_search,(none),(none),(none),(none),(none)
hotpotqa-00533,success,web_search,(none),(none),(none),(none),(none),(none),(none)
hotpotqa-00534,success,web_search,(none),(none),(none),(none),(none),(none),(none)
hotpotqa-00535,fail,web_search,web_search,web_search,web_search,web_search,(none),(none),(none)
hotpotqa-00536,success,web_search,web_search,(none),(none),(none),(none),(none),(none)
hotpotqa-00537,success,python_interpreter,web_search,web_search,(none),(none),(none),(none),(none)
hotpotqa-00538,success,web_search,web_search,(none),(none),(none),(none),(none),(none)
hotpotqa-00539,success,web_search,(none),(none),(none),(none),(none),(none),(none)
hotpotqa-00540,partial,web_search,(none),(none),(none),(none),(none),(none),(none)
hotpotqa-00541,success,(none),(none),(none),(none),(none),(none),(none),(none)
hotpotqa-00542,success,web_search,python_interpreter,(none),(none),(none),(none),(none),(none)
hotpotqa-00543,partial,web_search,(none),(none),(none),(none),(none),(none),(none)
hotpotqa-00544,success,web_search,web_search,(none),(none),(none),(none),(none),(none)
hotpotqa-00545,partial,web_search,web_search,(none),(none),(none),(none),(none),(none)
hotpotqa-00546,success,web_search,(none),(none),(none),(none),(none),(none),(none)
hotpotqa-00547,success,web_search,(none),(none),(none),(none),(none),(none),(none)
hotpotqa-00548,partial,web_search,strptime,(none),(none),(none),(none),(none),(none)
hotpotqa-00549,success,(none),(none),(none),(none),(none),(none),(none),(none)
hotpotqa-00550,success,web_search,(none),(none),(none),(none),(none),(none),(none)
hotpotqa-00551,success,web_search,(none),(none),(none),(none),(none),(none),(none)
hotpotqa-00552,success,web_search,web_search,(none),(none),(none),(none),(none),(none)
hotpotqa-00553,success,web_search,web_search,(none),(none),(none),(none),(none),(none)
hotpotqa-00554,success,web_search,(none),(none),(none),(none),(none),(none),(none)
hotpotqa-00555,success,web_search,web_search,(none),(none),(none),(none),(none),(none)
hotpotqa-00556,success,web_search,(none),(none),(none),(none),(none),(none),(none)
hotpotqa-00557,success,web_search,(none),(none),(none),(none),(none),(none),(none)
hotpotqa-00558,success,web_search,web_search,(none),(none),(none),(none),(none),(none)
hotpotqa-00559,success,web_search,web_search,web_search,web_search,(none),(none),(none),(none)
hotpotqa-00560,success,web_search,web_search,web_search,web_search,(none),(none),(none),(none)
hotpotqa-00561,partial,web_search,web_search,(none),(none),(none),(none),(none),(none)
hotpotqa-00562,success,web_search,(none),(none),(none),(none),(none),(none),(none)
hotpotqa-00563,success,web_search,web_search,web_search,(none),(none),(none),(none),(none)
hotpotqa-00564,success,(none),(none),(none),(none),(none),(none),(none),(none)
hotpotqa-00565,success,web_search,web_search,(none),(none),(none),(none),(none),(none)
hotpotqa-00566,success,web_search,web_search,(none),(none),(none),(none),(none),(none)
hotpotqa-00567,success,web_search,(none),(none),(none),(none),(none),(none),(none)
hotpotqa-00568,success,web_search,web_search,web_search,web_search,(none),(none),(none),(none)
hotpotqa-00569,success,web_search,web_search,(none),(none),(none),(none),(none),(none)
hotpotqa-00570,partial,web_search,web_search,(none),(none),(none),(none),(none),(none)
hotpotqa-00571,success,web_search,strptime,(none),(none),(none),(none),(none),(none)
hotpotqa-00572,success,web_search,web_search,web_search,python_interpreter,(none),(none),(none),(none)
hotpotqa-00573,partial,web_search,(none),(none),(none),(none),(none),(none),(none)
hotpotqa-00574,success,web_search,(none),(none),(none),(none),(none),(none),(none)
hotpotqa-00575,success,web_search,python_interpreter,(none),(none),(none),(none),(none),(none)
hotpotqa-00576,success,web_search,(none),(none),(none),(none),(none),(none),(none)
hotpotqa-00577,partial,web_search,web_search,(none),(none),(none),(none),(none),(none)
hotpotqa-00578,partial,python_interpreter,(none),(none),(none),(none),(none),(none),(none)
hotpotqa-00579,success,web_search,web_search,(none),(none),(none),(none),(none),(none)
hotpotqa-00580,success,web_search,(none),(none),(none),(none),(none),(none),(none)
hotpotqa-00581,partial,web_search,web_search,web_search,(none),(none),(none),(none),(none)
hotpotqa-00582,success,web_search,(none),(none),(none),(none),(none),(none),(none)
hotpotqa-00583,success,web_search,(none),(none),(none),(none),(none),(none),(none)
hotpotqa-00584,success,web_search,web_search,(none),(none),(none),(none),(none),(none)
hotpotqa-00585,success,web_search,web_search,(none),(none),(none),(none),(none),(none)
hotpotqa-00586,success,web_search,(none),(none),(none),(none),(none),(none),(none)
hotpotqa-00587,success,web_search,(none),(none),(none),(none),(none),(none),(none)
hotpotqa-00588,fail,web_search,web_search,web_search,web_search,web_search,(none),(none),(none)
hotpotqa-00589,fail,web_search,web_search,web_search,web_search,web_search,(none),(none),(none)
hotpotqa-00590,success,web_search,web_search,(none),(none),(none),(none),(none),(none)
hotpotqa-00591,success,web_search,(none),(none),(none),(none),(none),(none),(none)
hotpotqa-00592,partial,(none),(none),(none),(none),(none),(none),(none),(none)
hotpotqa-00593,fail,web_search,web_search,web_search,web_search,web_search,(none),(none),(none)
hotpotqa-00594,success,web_search,web_search,(none),(none),(none),(none),(none),(none)
hotpotqa-00595,success,web_search,group,(none),(none),(none),(none),(none),(none)
hotpotqa-00596,partial,web_search,python_interpreter,(none),(none),(none),(none),(none),(none)
hotpotqa-00597,success,web_search,(none),(none),(none),(none),(none),(none),(none)
hotpotqa-00598,partial,web_search,(none),(none),(none),(none),(none),(none),(none)
hotpotqa-00599,partial,web_search,web_search,(none),(none),(none),(none),(none),(none)
hotpotqa-00600,success,web_search,web_search,(none),(none),(none),(none),(none),(none)
hotpotqa-00601,success,web_search,web_search,web_search,web_search,(none),(none),(none),(none)
hotpotqa-00602,partial,web_search,(none),(none),(none),(none),(none),(none),(none)
hotpotqa-00603,partial,web_search,(none),(none),(none),(none),(none),(none),(none)
hotpotqa-00604,partial,web_search,(none),(none),(none),(none),(none),(none),(none)
hotpotqa-00605,success,web_search,(none),(none),(none),(none),(none),(none),(none)
hotpotqa-00606,success,web_search,(none),(none),(none),(none),(none),(none),(none)
hotpotqa-00607,partial,web_search,web_search,(none),(none),(none),(none),(none),(none)
